{"Attribute":"CODLINHA_CODVEICULO","Mean":3031033.380353001,"Precision":0.6300327391174102,"Standard_Deviation":1132927.3656734875,"Confidence":1.0}
{"Attribute":"CODVEICULO","Mean":3028408.0408871993,"Precision":0.6261499875664805,"Standard_Deviation":1143748.6464224798,"Confidence":1.0}
