{"Attribute":"CODLINHA_CODVEICULO","AccuracyDynamic":8.582671495369985E-5,"AccuracyStatic":2.0685368981495053E-4,"Confidence":1.0}
{"Attribute":"CODLINHA","AccuracyDynamic":7.679457549630158E-5,"AccuracyStatic":1.89048098805909E-4,"Confidence":1.0}
{"Attribute":"CODVEICULO","AccuracyDynamic":9.57048172787355E-5,"AccuracyStatic":2.2811673893547368E-4,"Confidence":1.0}
