{"Attribute":"CODLINHA_CODVEICULO","Mean":2914853.446986116,"Precision":0.6108116142695188,"Standard_Deviation":1150388.8393698009,"Confidence":1.0}
{"Attribute":"CODLINHA","Mean":2950090.04592647,"Precision":0.5836496720995337,"Standard_Deviation":1246510.98169008,"Confidence":1.0}
{"Attribute":"CODVEICULO","Mean":2910388.1319371844,"Precision":0.597383830511059,"Standard_Deviation":1187681.6144553493,"Confidence":1.0}
