{"Attribute":"CODLINHA_CODVEICULO","AccuracyDynamic":1.0406096065606035E-4,"AccuracyStatic":2.2223215346747654E-4,"Confidence":1.0}
{"Attribute":"CODVEICULO","AccuracyDynamic":1.0260335082820704E-4,"AccuracyStatic":2.1349988786391276E-4,"Confidence":1.0}
