{"Completeness_Missing":0.999999985877,"Distinctness":0.200189549693,"Completeness_Frequency_DATAUTILIZACAO":0.82989844561,"Timeliness_Mean_DATAUTILIZACAO":0.285338119166,"Timeliness_Max_DATAUTILIZACAO":0.576278078825,"Timeliness_Min_DATAUTILIZACAO":0.0,"Last_Analysis_Timestamp_DATAUTILIZACAO":"03/03/17 16:46:52,506160","Precision_NUMEROCARTAO":0.588618782297,"Precision(Deviation)_NUMEROCARTAO":1192309.73337,"Volume":0.999999985877,"Volume(TotalRows)":70805812,"Accuracy_Static_NUMEROCARTAO":2.2611138193E-4,"Accuracy_Dynamic_NUMEROCARTAO":9.80424036377E-5,"Confidence":1.0}
