{"Hour":0,"RecordNumber":40997.0,"CompletenessFrequency":1.0}
{"Hour":1,"RecordNumber":17048.0,"CompletenessFrequency":1.0}
{"Hour":2,"RecordNumber":10190.0,"CompletenessFrequency":1.0}
{"Hour":3,"RecordNumber":7662.0,"CompletenessFrequency":1.0}
{"Hour":4,"RecordNumber":108085.0,"CompletenessFrequency":0.7499410232807708}
{"Hour":5,"RecordNumber":1876970.0,"CompletenessFrequency":0.7558808226305557}
{"Hour":6,"RecordNumber":6218545.0,"CompletenessFrequency":0.7336154887757702}
{"Hour":7,"RecordNumber":7406623.0,"CompletenessFrequency":0.7343361895500105}
{"Hour":8,"RecordNumber":3893924.0,"CompletenessFrequency":0.7607244905840111}
{"Hour":9,"RecordNumber":2291945.0,"CompletenessFrequency":0.8062641284293723}
{"Hour":10,"RecordNumber":2093210.0,"CompletenessFrequency":0.8379794111806917}
{"Hour":11,"RecordNumber":3231773.0,"CompletenessFrequency":0.8190822221666517}
{"Hour":12,"RecordNumber":4810188.0,"CompletenessFrequency":0.7898249995730844}
{"Hour":13,"RecordNumber":3700340.0,"CompletenessFrequency":0.8332598981054312}
{"Hour":14,"RecordNumber":3239679.0,"CompletenessFrequency":0.8367695943589941}
{"Hour":15,"RecordNumber":3583388.0,"CompletenessFrequency":0.8141991129530665}
{"Hour":16,"RecordNumber":4572359.0,"CompletenessFrequency":0.7841433129477414}
{"Hour":17,"RecordNumber":7282252.0,"CompletenessFrequency":0.7228232048724922}
{"Hour":18,"RecordNumber":6976288.0,"CompletenessFrequency":0.7303879153150732}
{"Hour":19,"RecordNumber":3118933.0,"CompletenessFrequency":0.7931753244188131}
{"Hour":20,"RecordNumber":1818245.0,"CompletenessFrequency":0.8181462709616109}
{"Hour":21,"RecordNumber":1674927.0,"CompletenessFrequency":0.787722994111181}
{"Hour":22,"RecordNumber":2109400.0,"CompletenessFrequency":0.9044358259604897}
{"Hour":23,"RecordNumber":722841.0,"CompletenessFrequency":0.9048504644585517}
