{"Attribute":"CODLINHA_CODVEICULO","TimelinessMean":0.5479352329446703,"TimelinessMax":0.5521204323220317,"TimelinessMin":0.5424927180363175,"Confidence":1.0,"AnalysisTime":"29/03/18 14:41:00,763712"}
{"Attribute":"CODVEICULO","TimelinessMean":0.5478755396621526,"TimelinessMax":0.5521204323220317,"TimelinessMin":0.5424927180363175,"Confidence":1.0,"AnalysisTime":"29/03/18 14:41:00,763712"}
{"Attribute":"NUMEROCARTAO","TimelinessMean":0.5480539273833552,"TimelinessMax":0.5521204323220317,"TimelinessMin":0.5424927180363175,"Confidence":1.0,"AnalysisTime":"29/03/18 14:41:00,763712"}
