{"Attribute":"CODLINHA_CODVEICULO","TimelinessMean":0.2790204216329095,"TimelinessMax":0.5762780788254693,"TimelinessMin":0.0,"Confidence":1.0,"AnalysisTime":"03/03/17 16:46:52,506160"}
{"Attribute":"CODLINHA","TimelinessMean":0.2822943525552124,"TimelinessMax":0.5762780788254693,"TimelinessMin":0.0,"Confidence":1.0,"AnalysisTime":"03/03/17 16:46:52,506160"}
{"Attribute":"CODVEICULO","TimelinessMean":0.2926147773828209,"TimelinessMax":0.5762780788254693,"TimelinessMin":0.0,"Confidence":1.0,"AnalysisTime":"03/03/17 16:46:52,506160"}
